,,,,,,,,,,,
,,,,,,,,,,,
,Product Name,Fragrance Story,Fragrance Tone,Scent Family,Top Notes,Heart Notes,Base Notes,Longevity,Suggested Use,Price Range,More Details
,HOT DILF,"HOT DILF is the scent of a man who doesn’t chase attention — it follows him. Warm, boozy, and quietly dangerous, this fragrance captures the moment after midnight, when confidence speaks louder than words. Sweetness meets darkness, refined by experience and grounded by calm dominance.","- Warm
- Boozy
- Dark Vanilla Sweet
- Confident
- Seductive but controlled",Dark Gourmand / Boozy Woody,Top: Cognac (Boozy alcohol),"Mid: Vanilla (Dark, warm vanilla)
","Base: Smoky Wood & Warm Amber (deep, cozy)",Long-lasting (7-9 hours),"Night time

Date / Bar / Club

Not recommended for very hot daytime use.",,
,GOOD BOY,"A fresh, clean, and endearing fragrance, evoking feelings of innocence, reliability, and playful charm. It's the perfect everyday scent for the well-mannered individual.","- Fresh
- Warm
- Playful
- Intimate
- Cute + Sexy","Citrus Gourmand – Soft Musky

Citrus (Yuzu)
Gourmand (Banana Milk / Bakery)
Musky Clean (Angel)",Top: Yuzu,"Mid: Sweet Banana + Milk
",Base: Clean Musk + Soft Powder,Moderate (5-7 hours),"Daily scent, Office, Casual outing",, 
,SEA BREEZE,"คือช่วงเวลาที่ความรักเพิ่งเริ่มต้น ทุกอย่างดูสว่าง สดใส และเป็นไปได้เสมอ เหมือนการเดินเตะคลื่นริมทะเลในช่วงพระอาทิตย์ตก
ลมพัดผ่านเบา ๆ ดอกไม้สีขาวปลิวตามอากาศ หัวใจยังเบา และคำว่า “รัก” ยังเพียงพอสำหรับทุกอย่างมันคือความสัมพันธ์ที่ยังไม่มีน้ำหนัก
มีแค่ความตั้งใจ และรอยยิ้มที่จริงใจต่อกัน","- Fresh
- Romantic
- Airy
- Softly Sweet
- Optimistic
- Light Warmth",Floral Woody Airy,"- Mandarin Citrus Molecule
- Pear Nuance

เปิดด้วยความฉ่ำสดใส โปร่ง ไม่หวานจัด
ให้ความรู้สึกเหมือนลมทะเลตอนเย็นที่แตะผิวเบา ๆ","- White Floral Accord (Bloom style)
- Soft Jasmine Nuance

ดอกไม้สีขาวโปร่ง สะอาด ละมุน
เหมือนช่อดอกไม้ที่ถืออยู่ข้างกันริมชายหาด","- Soft Amberwood F
- Ultravanil (Subtle Creamy Warmth)

ฐานกลิ่นอบอุ่นบาง ๆ สะอาด และมีอากาศ
เหมือนแสงสุดท้ายของพระอาทิตย์ที่ตกกระทบผิว","6–8 Hours
Projection: Moderate (airy diffusion)
Drydown: Soft woody warmth on skin","Daytime
Valentine / Date
Summer / Spring
Everyday romantic mood

เหมาะสำหรับช่วงเวลาที่อยากให้ทุกอย่างดูเบาและสดใส",,"SEA BREEZE ไม่ใช่กลิ่นทะเลแบบเกลือแรง ๆ
แต่เป็น “ความรู้สึกของทะเล”

มันไม่รีบ ไม่เร่ง
เหมือนหัวใจที่เพิ่งเริ่มเต้นแรงขึ้นโดยไม่ต้องพยายาม"
,DROWNING LOVE,"คือความรักที่โตเต็มวัย มันไม่ใช่การเดินเล่นริม
ทะเลอีกต่อไปแต่มันคือการลงไปในน้ำลึก ความรัก
ที่มีหน้าที่ มีความรับผิดชอบ มีอุปสรรคที่ต้องเผชิญร่วมกัน 
บางครั้งมันหนัก บางครั้งมันทำให้คุณเหมือนกำลังจม
แต่คุณยังเลือกที่จะไม่ปล่อยมือกัน 
และยิ่งรักนานเท่าไหร่ ยิ่งลึกมากขึ้นเท่านั้น","- Deep
- Warm
- Mature
- Creamy Woody
- Emotional
- Grounded",Woody Amber Floral,"Warm Woody Opening
Subtle Sweet Glow

เปิดอย่างนิ่ง สุขุม ไม่หวือหวา
เหมือนคลื่นที่ลึกและนิ่งกว่าผิวน้ำ","- Santal Dominant
- Soft Blanche Floral Touch

Sandalwood นุ่ม ลึก
มี floral บาง ๆ เพื่อความสมดุล ไม่หวานจัด","- Tobacco Texture
- Amberwood Structure
- Ultravanil Warmth
- Subtle Luminous Amber Glow

ฐานกลิ่นแน่น อบอุ่น และมีน้ำหนัก
เหมือนแรงดันของน้ำลึกที่โอบล้อมอยู่รอบตัว","8–10 Hours
Projection: Moderate to Strong (controlled warmth)
Drydown: Creamy woody amber close to skin","Evening
Date Night
Cooler Weather
Special Moments
Couples who have grown together",,"DROWNING LOVE ไม่ได้หวานเพื่อให้คนชอบทันที

มันคือกลิ่นของความสัมพันธ์ที่ต้องผ่านเวลา
ผ่านแรงกดดัน
ผ่านการเรียนรู้

และยังเลือกที่จะอยู่ข้างกัน"
,PHIWFON,"บางครั้งสิ่งที่ทำให้เราจดจำใครบางคนได้ ไม่ใช่ใบหน้า ไม่ใช่เสียง
แต่เป็นกลิ่นจาง ๆ ที่ลอยอยู่หลังฝนหยุดตก
กลิ่นของผิว เสื้อผ้า ความชื้น และอากาศเย็นในห้องที่ยังเปิดไฟทิ้งไว้

“ผิวฝน” ถูกสร้างขึ้นจากความรู้สึกนั้น",Humid Skin / Rain Air / Quiet Warmth,Atmospheric Musk / Skin Scent / Woody Musky,"Bergamot, Mandarin, Rain Air Accord, Cold Fabric Aldehyde","White Musk, Magnolia, Humid Cotton, Soft Pear Skin","Sandalwood, Oakmoss, Warm Skin Musk, Creamy Woods",7–10 Hours (Soft Intimate Aura),,,